2019-12-13 22:08:57,7245.25,144.16
2019-12-13 22:10:00,7244.22,144.13
2019-12-13 22:11:03,7243.49,144.1
2019-12-13 22:12:05,7244.8,144.1
2019-12-13 22:13:08,7245.01,144.08
2019-12-13 22:14:10,7246.43,144.11
2019-12-13 22:15:14,7248.1,144.19
2019-12-13 22:16:17,7245.16,144.15
2019-12-13 22:17:19,7248.18,144.17
2019-12-13 22:18:22,7247.26,144.16
2019-12-13 22:19:24,7244.91,144.15
2019-12-13 22:20:28,7244.66,144.07
2019-12-13 22:21:30,7244.6,144.07
2019-12-13 22:22:34,7249.8,144.11
2019-12-13 22:23:36,7247.06,144.14
2019-12-13 22:24:39,7245.7,144.14
2019-12-13 22:25:42,7244.26,144.14
2019-12-13 22:26:44,7242.89,144.13
2019-12-13 22:27:48,7242.64,144.13
2019-12-13 22:28:50,7243.56,144.14
2019-12-13 22:29:53,7239.71,144.14
2019-12-13 22:30:56,7241.77,144.13
2019-12-13 22:31:59,7241.57,144.13
2019-12-13 22:33:01,7241.6,144.13
2019-12-13 22:34:05,7242.76,144.12
2019-12-13 22:35:07,7241.1,144.13
2019-12-13 22:36:09,7240.97,144.13
2019-12-13 22:37:13,7239.85,144.13
2019-12-13 22:38:15,7239.57,144.07
2019-12-13 22:39:19,7239.36,144.07
2019-12-13 22:40:21,7237.87,144.07
2019-12-13 22:41:24,7237.85,144.09
2019-12-13 22:42:26,7240.42,144.14
2019-12-13 22:43:30,7241.58,144.13
2019-12-13 22:44:33,7239.91,144.12
2019-12-13 22:45:36,7241.41,144.12
2019-12-13 22:46:38,7240.78,144.12
2019-12-13 22:47:41,7242.65,144.13
2019-12-13 22:48:44,7240.68,144.13
2019-12-13 22:49:47,7239.15,144.12
2019-12-13 22:50:50,7240.14,144.12
2019-12-13 22:51:53,7240.19,144.12
2019-12-13 22:52:56,7241.48,144.12
2019-12-13 22:53:58,7241.56,144.14
2019-12-13 22:55:01,7241.1,144.12
2019-12-13 22:56:03,7242.01,144.14
2019-12-13 22:57:07,7240.74,144.14
2019-12-13 22:58:10,7240.47,144.13
2019-12-13 22:59:13,7238.14,144.13
2019-12-13 23:00:15,7239.88,144.14
2019-12-13 23:01:18,7238.53,144.14
2019-12-13 23:02:20,7239.67,144.13
2019-12-13 23:03:24,7241.07,144.14
2019-12-13 23:04:27,7237.33,144.11
2019-12-13 23:05:30,7236.85,144.13
2019-12-13 23:06:32,7236.3,144.16
2019-12-13 23:07:35,7237.17,144.17
2019-12-13 23:08:38,7239.24,144.22
2019-12-13 23:09:41,7238.18,144.21
2019-12-13 23:10:44,7237.94,144.2
2019-12-14 02:06:49,7242.02,144.75
2019-12-14 02:07:51,7241.53,144.75
2019-12-14 02:08:54,7240.62,144.76
2019-12-14 02:09:56,7239.38,144.75
2019-12-14 02:10:59,7239.12,144.71
2019-12-14 02:12:01,7237.9,144.72
2019-12-14 02:13:04,7238.21,144.72
2019-12-14 02:14:07,7240.1,144.71
2019-12-14 02:15:09,7240.81,144.71
2019-12-14 02:16:12,7242.01,144.78
2019-12-14 02:17:14,7244.54,144.77
2019-12-14 02:18:17,7245.21,144.77
2019-12-14 02:19:20,7245.43,144.77
2019-12-14 02:20:22,7245.58,144.78
2019-12-14 02:21:24,7244.74,144.77
2019-12-14 02:22:27,7243.77,144.77
2019-12-14 02:23:29,7243.52,144.79
2019-12-14 02:24:32,7242.93,144.76
2019-12-14 02:25:35,7245.75,144.76
2019-12-14 02:26:37,7245.73,144.76
2019-12-14 02:27:39,7243.58,144.76
2019-12-14 02:28:42,7244.07,144.76
2019-12-14 02:29:45,7244.25,144.76
2019-12-14 02:30:47,7247.86,144.76
2019-12-14 02:31:50,7248.7,144.77
2019-12-14 02:32:52,7248.85,144.76
2019-12-14 02:33:55,7252.24,144.77
2019-12-14 02:34:58,7253.97,144.8
2019-12-14 02:36:00,7254.13,144.8
2019-12-14 02:37:03,7255.28,144.79
2019-12-14 02:38:05,7256.28,144.79
2019-12-14 02:39:08,7252.47,144.78
2019-12-14 02:40:10,7251.94,144.79
2019-12-14 02:41:13,7253.26,144.79
2019-12-14 02:42:16,7255.13,144.83
2019-12-14 02:43:18,7255.19,144.83
2019-12-14 02:44:21,7257.03,144.89
2019-12-14 02:45:24,7259.95,144.94
2019-12-14 02:46:26,7258.49,144.92
2019-12-14 02:47:28,7257.69,144.91
2019-12-14 02:48:31,7257.8,144.91
2019-12-14 02:49:33,7258.83,144.92
2019-12-14 02:50:36,7259.91,144.91
2019-12-14 02:51:39,7258.33,144.91
2019-12-14 02:52:41,7259.67,144.93
2019-12-14 02:53:44,7259.67,144.9
2019-12-14 02:54:46,7261.49,144.91
2019-12-14 02:55:49,7259.8,144.9
2019-12-14 02:56:52,7260.38,144.9
2019-12-14 02:57:54,7259.4,144.91
2019-12-14 02:58:56,7261.0,144.94
2019-12-14 02:59:59,7261.59,144.91
2019-12-14 03:01:02,7259.98,144.91
2019-12-14 03:02:04,7261.63,144.91
2019-12-14 03:03:07,7259.94,144.91
2019-12-14 03:04:09,7261.61,144.91
2019-12-14 03:05:12,7260.02,144.92
2019-12-14 03:06:15,7261.91,144.92
2019-12-14 03:07:17,7260.4,144.89
2019-12-14 03:08:19,7258.19,144.88
2019-12-14 03:09:22,7255.38,144.88
2019-12-14 03:10:25,7257.38,144.9
2019-12-14 03:11:27,7255.75,144.9
2019-12-14 03:12:30,7257.29,144.73
2019-12-14 03:13:33,7255.34,144.72
2019-12-14 03:14:35,7257.37,144.71
2019-12-14 03:15:37,7257.34,144.72
2019-12-14 03:16:41,7256.97,144.72
2019-12-14 03:17:43,7254.13,144.7
2019-12-14 03:18:46,7252.26,144.69
2019-12-14 03:19:48,7254.61,144.71
2019-12-14 03:20:50,7253.61,144.71
2019-12-14 03:21:53,7254.82,144.7
2019-12-14 03:22:56,7254.24,144.7
2019-12-14 03:23:58,7256.57,144.69
2019-12-14 03:25:01,7254.87,144.69
2019-12-14 03:26:03,7255.22,144.7
2019-12-14 03:27:06,7257.14,144.68
2019-12-14 03:28:09,7257.1,144.68
2019-12-14 03:29:11,7254.59,144.68
2019-12-14 03:30:14,7254.42,144.68
2019-12-14 03:31:16,7256.43,144.66
2019-12-14 03:32:19,7253.79,144.61
2019-12-14 03:33:21,7255.58,144.61
2019-12-14 03:34:24,7256.44,144.6
2019-12-14 03:35:27,7256.01,144.63
2019-12-14 03:36:29,7256.38,144.63
2019-12-14 03:37:32,7256.29,144.63
2019-12-14 03:38:35,7256.29,144.63
2019-12-14 03:39:37,7256.34,144.62
2019-12-14 03:40:40,7256.33,144.65
2019-12-14 03:41:42,7255.29,144.65
2019-12-14 03:42:46,7255.27,144.64
2019-12-14 03:43:48,7255.22,144.64
2019-12-14 03:44:50,7257.04,144.64
2019-12-14 03:45:53,7258.22,144.63
2019-12-14 03:46:55,7257.19,144.62
2019-12-14 03:47:58,7259.94,144.62
2019-12-14 03:49:01,7257.41,144.62
2019-12-14 03:50:03,7260.4,144.58
2019-12-14 03:51:06,7260.7,144.58
2019-12-14 03:52:08,7259.77,144.57
2019-12-14 03:53:12,7259.0,144.57
2019-12-14 03:54:13,7259.0,144.57
2019-12-14 03:55:17,7253.84,144.55
2019-12-14 03:56:19,7250.94,144.52
2019-12-14 03:57:21,7246.96,144.48
2019-12-14 03:58:24,7247.13,144.47
2019-12-14 03:59:26,7248.02,144.48
2019-12-14 04:00:29,7247.96,144.48
2019-12-14 04:01:32,7248.87,144.47
2019-12-14 04:02:34,7242.84,144.43
2019-12-14 04:03:36,7244.5,144.43
2019-12-14 04:04:40,7241.22,144.43
2019-12-14 04:05:42,7241.12,144.38
2019-12-14 04:06:44,7243.1,144.42
2019-12-14 04:07:47,7243.99,144.41
2019-12-14 04:08:49,7243.97,144.41
2019-12-14 04:09:53,7244.61,144.37
2019-12-14 04:10:55,7245.27,144.36
2019-12-14 04:11:58,7247.29,144.36
2019-12-14 04:13:00,7246.49,144.37
2019-12-14 04:14:03,7247.03,144.36
2019-12-14 04:15:05,7246.68,144.37
2019-12-14 04:16:09,7246.7,144.27
2019-12-14 04:17:11,7247.5,144.27
2019-12-14 04:18:14,7247.57,144.26
2019-12-14 04:19:16,7247.42,144.23
2019-12-14 04:20:19,7247.27,144.22
2019-12-14 04:21:21,7246.43,144.22
2019-12-14 04:22:24,7247.05,144.23
2019-12-14 04:23:27,7247.02,144.23
2019-12-14 04:24:29,7247.48,144.32
2019-12-14 04:25:32,7246.7,144.32
2019-12-14 04:26:34,7249.07,144.31
2019-12-14 04:27:37,7248.88,144.31
2019-12-14 04:28:40,7250.14,144.32
2019-12-14 04:29:43,7249.92,144.32
2019-12-14 04:30:45,7249.07,144.35
2019-12-14 04:31:48,7248.97,144.35
2019-12-14 04:32:51,7246.72,144.35
2019-12-14 04:33:53,7248.59,144.35
2019-12-14 04:34:55,7246.41,144.36
2019-12-14 04:35:58,7248.68,144.36
2019-12-14 04:37:01,7247.07,144.38
2019-12-14 04:38:03,7245.19,144.38
2019-12-14 04:39:06,7247.97,144.38
2019-12-14 04:40:09,7247.79,144.42
2019-12-14 04:41:12,7247.84,144.42
2019-12-14 04:42:14,7246.14,144.42
2019-12-14 04:43:17,7248.66,144.42
2019-12-14 04:44:19,7246.55,144.43
2019-12-14 04:45:22,7248.99,144.43
2019-12-14 04:46:25,7247.55,144.43
2019-12-14 04:47:27,7249.82,144.44
2019-12-14 04:48:30,7247.06,144.43
2019-12-14 04:49:33,7250.5,144.47
2019-12-14 04:50:35,7249.8,144.51
2019-12-14 04:51:38,7249.46,144.52
2019-12-14 04:52:40,7252.57,144.51
2019-12-14 04:53:43,7251.0,144.52
2019-12-14 04:54:46,7251.62,144.52
2019-12-14 04:55:48,7251.78,144.52
2019-12-14 04:56:51,7251.11,144.53
2019-12-14 04:57:53,7251.12,144.5
2019-12-14 04:58:56,7251.16,144.54
2019-12-14 04:59:59,7251.28,144.53
2019-12-14 05:01:01,7253.24,144.52
2019-12-14 05:02:04,7251.45,144.54
2019-12-14 05:03:06,7252.0,144.54
2019-12-14 05:04:09,7250.52,144.54
2019-12-14 05:05:12,7249.37,144.56
2019-12-14 05:06:14,7248.94,144.56
2019-12-14 05:07:17,7251.25,144.56
2019-12-14 05:08:20,7249.21,144.56
2019-12-14 05:09:22,7250.89,144.56
2019-12-14 05:10:25,7249.73,144.56
2019-12-14 05:11:28,7251.67,144.55
2019-12-14 05:12:30,7251.47,144.54
2019-12-14 05:13:33,7251.99,144.54
2019-12-14 05:14:36,7252.08,144.54
2019-12-14 05:15:38,7252.84,144.54
2019-12-14 05:16:40,7253.05,144.53
2019-12-14 05:17:43,7254.87,144.53
2019-12-14 05:18:46,7252.08,144.56
2019-12-14 05:19:49,7252.44,144.56
2019-12-14 05:20:51,7252.15,144.56
2019-12-14 05:21:54,7255.13,144.44
2019-12-14 05:22:57,7253.21,144.52
2019-12-14 05:23:59,7254.43,144.51
2019-12-14 05:25:02,7252.5,144.51
2019-12-14 05:26:05,7254.71,144.43
2019-12-14 05:27:07,7253.35,144.49
2019-12-14 05:28:10,7254.75,144.45
2019-12-14 05:29:13,7255.11,144.45
2019-12-14 05:30:15,7254.9,144.45
2019-12-14 05:31:18,7252.99,144.43
2019-12-14 05:32:20,7253.46,144.44
2019-12-14 05:33:23,7254.05,144.45
2019-12-14 05:34:26,7255.84,144.41
2019-12-14 05:35:28,7254.03,144.41
2019-12-14 05:36:31,7254.03,144.4
2019-12-14 05:37:34,7255.97,144.41
2019-12-14 05:38:36,7254.06,144.41
2019-12-14 05:39:39,7256.45,144.41
2019-12-14 05:40:42,7256.46,144.41
2019-12-14 05:41:44,7254.5,144.41
2019-12-14 05:42:47,7254.9,144.41
2019-12-14 05:43:50,7255.31,144.42
2019-12-14 05:44:52,7255.75,144.42
2019-12-14 05:45:55,7256.76,144.42
2019-12-14 05:46:58,7256.51,144.42
2019-12-14 05:48:00,7256.95,144.42
2019-12-14 05:49:03,7255.85,144.43
2019-12-14 05:50:06,7258.8,144.43
2019-12-14 05:51:09,7260.29,144.48
2019-12-14 05:52:11,7257.9,144.47
2019-12-14 05:53:14,7257.4,144.49
2019-12-14 05:54:17,7257.02,144.49
2019-12-14 05:55:19,7258.68,144.46
2019-12-14 05:56:21,7256.64,144.48
2019-12-14 05:57:25,7258.53,144.48
2019-12-14 05:58:27,7255.92,144.48
2019-12-14 05:59:30,7255.68,144.49
2019-12-14 06:00:33,7255.67,144.48
2019-12-14 06:01:36,7255.64,144.47
2019-12-14 06:02:38,7255.0,144.49
2019-12-14 06:03:41,7254.25,144.49
2019-12-14 06:04:43,7255.97,144.49
2019-12-14 06:05:46,7253.98,144.48
2019-12-14 06:06:49,7254.66,144.49
2019-12-14 06:07:52,7256.91,144.49
2019-12-14 06:08:54,7257.33,144.49
2019-12-14 06:09:57,7258.65,144.25
2019-12-14 06:11:00,7259.24,144.3
2019-12-14 06:12:02,7262.29,144.28
2019-12-14 06:13:05,7259.24,144.28
2019-12-14 06:14:08,7260.14,144.29
2019-12-14 06:15:10,7259.53,144.36
2019-12-14 06:16:13,7260.39,144.35
2019-12-14 06:17:15,7260.45,144.35
2019-12-14 06:18:19,7260.45,144.35
2019-12-14 06:19:21,7260.81,144.37
2019-12-14 06:20:24,7259.73,144.35
2019-12-14 06:21:26,7259.86,144.35
2019-12-14 06:22:29,7259.69,144.36
2019-12-14 06:23:32,7259.7,144.36
2019-12-14 06:24:35,7259.67,144.36
2019-12-14 06:25:37,7259.67,144.35
2019-12-14 06:26:40,7259.67,144.37
2019-12-14 06:27:43,7259.59,144.36
2019-12-14 06:28:45,7259.48,144.35
2019-12-14 06:29:48,7259.37,144.35
2019-12-14 06:30:51,7259.64,144.33
2019-12-14 06:31:53,7259.6,144.33
2019-12-14 06:32:56,7260.7,144.33
2019-12-14 06:33:59,7260.65,144.35
2019-12-14 06:35:02,7261.55,144.35
2019-12-14 06:36:04,7262.82,144.35
2019-12-14 06:37:07,7262.82,144.35
2019-12-14 06:38:10,7262.34,144.35
2019-12-14 06:39:12,7265.01,144.36
2019-12-14 06:40:16,7265.92,144.37
2019-12-14 06:41:18,7264.81,144.36
2019-12-14 06:42:21,7264.34,144.37
2019-12-14 06:43:23,7263.65,144.38
2019-12-14 06:44:26,7260.97,144.35
2019-12-14 06:45:29,7259.57,144.35
2019-12-14 06:46:31,7260.46,144.35
2019-12-14 06:47:34,7260.52,144.33
2019-12-14 06:48:37,7260.76,144.33
2019-12-14 06:49:40,7262.16,144.35
2019-12-14 06:50:42,7261.09,144.35
2019-12-14 06:51:44,7263.49,144.34
2019-12-14 06:52:48,7265.44,144.35
2019-12-14 06:53:51,7265.51,144.33
2019-12-14 06:54:53,7264.61,144.35
2019-12-14 06:55:57,7263.72,144.35
2019-12-14 06:56:58,7262.62,144.36
2019-12-14 06:58:01,7262.15,144.36
2019-12-14 06:59:04,7262.18,144.33
2019-12-14 07:00:06,7263.9,144.36
2019-12-14 07:01:09,7262.33,144.36
2019-12-14 07:02:12,7262.63,144.33
2019-12-14 07:03:15,7262.63,144.34
2019-12-14 07:04:18,7265.14,144.36
2019-12-14 07:05:21,7263.16,144.36
2019-12-14 07:06:23,7262.85,144.36
2019-12-14 07:07:26,7262.59,144.36
2019-12-14 07:08:28,7262.27,144.38
2019-12-14 07:09:31,7263.8,144.37
2019-12-14 07:10:34,7263.16,144.37
2019-12-14 07:11:36,7258.2,144.32
2019-12-14 07:12:39,7257.99,144.28
2019-12-14 07:13:42,7256.19,144.29
2019-12-14 07:14:45,7254.28,144.27
2019-12-14 07:15:48,7253.6,144.25
2019-12-14 07:16:50,7251.54,144.25
2019-12-14 07:17:52,7253.27,144.25
2019-12-14 07:18:56,7253.21,144.25
2019-12-14 07:19:58,7252.9,144.21
2019-12-14 07:21:01,7250.85,144.21
2019-12-14 07:22:04,7252.55,144.2
2019-12-14 07:23:07,7251.23,144.21
2019-12-14 07:24:10,7252.66,144.21
2019-12-14 07:25:13,7251.28,144.21
2019-12-14 07:26:14,7252.61,144.17
2019-12-14 07:27:17,7251.46,144.17
2019-12-14 07:28:21,7251.87,144.18
2019-12-14 07:29:23,7250.37,144.17
2019-12-14 07:30:26,7250.88,144.16
2019-12-14 07:31:29,7251.87,144.16
2019-12-14 07:32:31,7251.38,144.15
2019-12-14 07:33:34,7251.36,144.17
2019-12-14 07:34:37,7250.83,144.1
2019-12-14 07:35:39,7246.35,143.92
2019-12-14 07:36:42,7247.38,143.91
2019-12-14 07:37:45,7246.14,143.88
2019-12-14 07:38:48,7245.42,143.9
2019-12-14 07:39:51,7244.86,143.9
2019-12-14 07:40:53,7245.44,143.9
2019-12-14 07:41:56,7247.08,143.9
2019-12-14 07:42:59,7247.0,143.93
2019-12-14 07:44:02,7246.58,143.91
2019-12-14 07:45:04,7248.17,143.9
2019-12-14 07:46:07,7246.7,143.9
2019-12-14 07:47:09,7246.91,143.87
2019-12-14 07:48:13,7246.29,143.88
2019-12-14 07:49:16,7248.06,143.88
2019-12-14 07:50:18,7247.97,143.86
2019-12-14 07:51:21,7247.2,143.85
2019-12-14 07:52:24,7242.16,143.85
2019-12-14 07:53:27,7244.24,143.86
2019-12-14 07:54:29,7243.66,143.86
2019-12-14 07:55:32,7243.71,143.88
2019-12-14 07:56:35,7243.73,143.87
2019-12-14 07:57:38,7243.64,143.87
2019-12-14 07:58:41,7243.77,143.79
2019-12-14 07:59:44,7243.35,143.71
2019-12-14 08:00:46,7243.41,143.67
2019-12-14 08:01:49,7243.42,143.71
2019-12-14 08:02:52,7242.11,143.65
2019-12-14 08:03:54,7241.54,143.67
2019-12-14 08:04:58,7241.11,143.64
2019-12-14 08:06:00,7242.37,143.63
2019-12-14 08:07:03,7242.77,143.66
2019-12-14 08:08:05,7241.12,143.68
2019-12-14 08:09:08,7243.71,143.75
2019-12-14 08:10:11,7242.4,143.76
2019-12-14 08:11:14,7244.25,143.76
2019-12-14 08:12:17,7244.02,143.78
2019-12-14 08:13:20,7244.24,143.8
2019-12-14 08:14:23,7244.46,143.81
2019-12-14 08:15:25,7244.87,143.81
2019-12-14 08:16:28,7243.1,143.82
2019-12-14 08:17:31,7247.15,143.86
2019-12-14 08:18:33,7248.59,143.88
2019-12-14 08:19:37,7248.18,143.88
2019-12-14 08:20:39,7248.67,143.89
2019-12-14 08:21:42,7248.41,143.89
2019-12-14 08:22:45,7247.14,143.9
2019-12-14 08:23:47,7248.02,143.9
2019-12-14 08:24:50,7248.44,143.88
2019-12-14 08:25:53,7248.9,143.9
2019-12-14 08:26:56,7246.94,143.9
2019-12-14 08:27:59,7249.91,143.87
2019-12-14 08:29:02,7246.77,143.89
2019-12-14 08:30:04,7247.72,143.89
2019-12-14 08:31:07,7247.41,143.88
2019-12-14 08:32:10,7246.91,143.88
2019-12-14 08:33:13,7246.76,143.84
2019-12-14 08:34:16,7244.96,143.86
2019-12-14 08:35:19,7247.15,143.86
2019-12-14 08:36:21,7245.82,143.86
2019-12-14 08:37:24,7246.37,143.87
2019-12-14 08:38:27,7245.65,143.87
2019-12-14 08:39:30,7246.35,143.88
2019-12-14 08:40:33,7247.57,143.87
2019-12-14 08:41:36,7251.55,143.94
2019-12-14 08:42:38,7250.72,143.94
2019-12-14 08:43:41,7250.04,143.95
2019-12-14 08:44:44,7250.13,143.98
2019-12-14 08:45:47,7250.74,144.01
2019-12-14 08:46:49,7252.98,143.99
2019-12-14 08:47:52,7254.26,144.01
2019-12-14 08:48:55,7254.28,144.01
2019-12-14 08:49:58,7254.2,143.99
2019-12-14 08:51:01,7252.51,143.99
2019-12-14 08:52:04,7254.55,144.0
2019-12-14 08:53:06,7252.95,143.98
2019-12-14 08:54:09,7251.5,143.98
2019-12-14 08:55:12,7254.71,144.01
2019-12-14 08:56:14,7255.25,144.01
2019-12-14 08:57:17,7253.54,143.99
2019-12-14 08:58:20,7255.29,143.97
2019-12-14 08:59:23,7253.92,143.97
2019-12-14 09:00:26,7252.22,143.95
2019-12-14 09:01:29,7253.49,143.95
2019-12-14 09:02:32,7250.39,143.95
2019-12-14 09:03:35,7252.07,143.91
2019-12-14 09:04:37,7249.92,143.91
2019-12-14 09:05:40,7247.74,143.93
2019-12-14 09:06:43,7245.14,143.91
2019-12-14 09:07:46,7244.31,143.9
2019-12-14 09:08:49,7245.43,143.9
2019-12-14 09:09:52,7238.96,143.84
2019-12-14 09:10:55,7238.15,143.83
2019-12-14 09:11:58,7239.57,143.77
2019-12-14 09:13:00,7238.47,143.74
2019-12-14 09:14:03,7240.1,143.76
2019-12-14 09:15:06,7240.0,143.75
2019-12-14 09:16:09,7238.75,143.75
2019-12-14 09:17:12,7238.25,143.75
2019-12-14 09:18:15,7239.75,143.79
2019-12-14 09:19:18,7241.18,143.8
2019-12-14 09:20:21,7241.18,143.79
2019-12-14 09:21:24,7241.03,143.79
2019-12-14 09:22:26,7240.3,143.79
2019-12-14 09:23:29,7239.86,143.8
2019-12-14 09:24:32,7240.16,143.81
2019-12-14 09:25:35,7240.19,143.8
2019-12-14 09:26:37,7241.21,143.8
2019-12-14 09:27:40,7241.62,143.83
2019-12-14 09:28:43,7240.11,143.83
2019-12-14 09:29:46,7238.43,143.81
2019-12-14 09:30:49,7237.56,143.82
2019-12-14 09:31:51,7238.32,143.82
2019-12-14 09:32:55,7238.38,143.75
2019-12-14 09:33:58,7238.59,143.76
2019-12-14 09:35:01,7236.0,143.75
2019-12-14 09:36:03,7235.72,143.76
2019-12-14 09:37:06,7234.24,143.72
2019-12-14 09:38:09,7229.58,143.64
2019-12-14 09:39:12,7222.1,143.43
2019-12-14 09:40:15,7215.44,143.08
2019-12-14 09:41:18,7216.12,143.06
2019-12-14 09:42:21,7206.58,143.01
2019-12-14 09:43:24,7176.0,142.85
2019-12-14 09:44:26,7189.6,142.89
2019-12-14 09:45:29,7187.97,142.9
2019-12-14 09:46:32,7189.05,142.89
2019-12-14 09:47:34,7185.26,142.81
2019-12-14 09:48:37,7177.94,142.82
2019-12-14 09:49:40,7185.22,142.81
2019-12-14 09:50:43,7190.13,142.94
2019-12-14 09:51:46,7189.34,142.92
2019-12-14 09:52:49,7191.4,142.94
2019-12-14 09:53:52,7190.58,142.96
2019-12-14 09:54:54,7188.2,142.91
2019-12-14 09:55:57,7187.47,142.91
2019-12-14 10:01:12,7174.37,142.85
2019-12-14 10:02:15,7167.65,142.81
2019-12-14 10:03:18,7177.84,142.77
2019-12-14 10:04:21,7179.53,142.9
2019-12-14 10:05:24,7183.31,142.88
2019-12-14 10:06:26,7183.32,142.88
2019-12-14 10:07:30,7183.12,142.92
2019-12-14 10:08:32,7188.87,142.93
2019-12-14 10:09:35,7191.58,142.95
2019-12-14 10:10:38,7192.16,143.06
2019-12-14 10:11:41,7192.21,143.07
2019-12-14 10:12:44,7191.53,143.08
2019-12-14 10:13:46,7191.74,143.16
2019-12-14 10:14:49,7191.48,143.17
2019-12-14 10:15:52,7191.05,143.2
2019-12-14 10:16:55,7191.85,143.18
2019-12-14 10:17:58,7192.05,143.19
2019-12-14 10:19:01,7193.23,143.21
2019-12-14 10:20:04,7196.45,143.21
2019-12-14 10:21:06,7198.48,143.22
2019-12-14 10:22:09,7199.5,143.2
2019-12-14 10:23:12,7199.28,143.17
2019-12-14 10:24:15,7195.89,143.11
2019-12-14 10:25:17,7193.11,143.07
2019-12-14 10:26:21,7192.32,143.08
2019-12-14 10:31:36,7189.21,142.99
2019-12-14 10:32:37,7189.21,142.99
2019-12-14 10:33:40,7188.14,142.99
2019-12-14 10:34:43,7183.55,142.98
2019-12-14 10:35:46,7183.86,142.97
2019-12-14 10:36:49,7187.7,142.97
2019-12-14 10:37:52,7188.44,142.95
2019-12-14 10:38:54,7191.41,142.95
2019-12-14 10:39:57,7192.05,142.94
2019-12-14 10:41:00,7192.16,142.94
2019-12-14 10:42:03,7192.34,142.94
2019-12-14 10:43:06,7191.43,142.97
2019-12-14 10:44:09,7190.97,142.97
2019-12-14 10:45:11,7191.86,142.97
2019-12-14 10:46:14,7190.92,142.97
2019-12-14 10:47:17,7189.09,142.96
2019-12-14 10:48:20,7190.02,142.96
2019-12-14 10:49:23,7190.11,142.97
2019-12-14 10:50:26,7192.22,142.98
2019-12-14 10:51:28,7191.54,142.98
2019-12-14 10:52:31,7193.09,142.98
2019-12-14 10:53:34,7193.12,143.04
2019-12-14 10:54:37,7194.12,143.03
2019-12-14 10:55:39,7194.25,143.03
2019-12-14 10:56:42,7193.82,143.02
2019-12-14 10:57:45,7191.28,143.02
2019-12-14 10:58:48,7190.08,143.03
2019-12-14 10:59:51,7188.19,143.03
2019-12-14 11:00:54,7188.11,143.03
2019-12-14 11:01:56,7187.17,143.02
2019-12-14 11:02:59,7187.28,142.95
2019-12-14 11:04:02,7189.38,142.9
2019-12-14 11:05:05,7188.28,142.89
2019-12-14 11:06:08,7187.17,142.89
2019-12-14 11:07:10,7190.93,142.89
2019-12-14 11:08:14,7191.78,142.9
2019-12-14 11:09:16,7192.57,142.91
2019-12-14 11:10:19,7191.64,142.9
2019-12-14 11:11:22,7193.04,142.9
2019-12-14 11:12:25,7193.4,142.9
2019-12-14 11:13:28,7191.75,142.87
2019-12-14 11:14:30,7193.48,142.9
2019-12-14 11:15:33,7193.34,142.9
2019-12-14 11:16:36,7192.04,142.89
2019-12-14 11:17:39,7192.63,142.89
2019-12-14 11:18:42,7192.66,142.89
2019-12-14 11:19:44,7190.76,142.91
2019-12-14 11:20:48,7190.1,142.91
2019-12-14 11:21:50,7190.56,142.92
2019-12-14 11:22:53,7191.63,142.92
2019-12-14 11:23:56,7191.82,142.95
2019-12-14 11:24:59,7191.85,142.95
2019-12-14 11:26:02,7190.49,142.96
2019-12-14 11:27:04,7191.94,142.95
2019-12-14 11:28:07,7192.71,142.95
2019-12-14 11:29:10,7191.53,142.96
2019-12-14 11:30:13,7191.32,142.96
2019-12-14 11:31:16,7192.52,142.96
2019-12-14 11:32:19,7191.57,142.96
2019-12-14 11:33:21,7192.77,142.96
2019-12-14 11:34:25,7193.13,142.96
2019-12-14 11:35:27,7193.96,142.96
2019-12-14 11:36:30,7193.87,142.95
2019-12-14 11:37:33,7193.32,142.91
2019-12-14 11:38:36,7193.36,142.93
2019-12-14 11:39:39,7192.09,142.92
2019-12-14 11:40:42,7190.83,142.92
2019-12-14 11:41:44,7189.23,142.92
2019-12-14 11:42:48,7188.84,142.92
2019-12-14 11:43:50,7191.59,142.9
2019-12-14 11:44:53,7190.74,142.9
2019-12-14 11:45:56,7185.76,142.89
2019-12-14 11:47:00,7184.68,142.87
2019-12-14 11:48:02,7182.74,142.87
2019-12-14 11:49:05,7182.17,142.86
2019-12-14 11:50:07,7179.48,142.86
2019-12-14 11:51:11,7180.21,142.86
2019-12-14 11:52:14,7179.94,142.84
2019-12-14 11:53:16,7179.63,142.84
2019-12-14 11:54:20,7181.08,142.84
2019-12-14 11:55:22,7181.01,142.84
2019-12-14 11:56:25,7179.64,142.82
2019-12-14 11:57:28,7179.99,142.83
2019-12-14 11:58:31,7180.56,142.83
2019-12-14 11:59:34,7182.43,142.83
2019-12-14 12:00:37,7180.6,142.83
2019-12-14 12:01:40,7180.53,142.83
2019-12-14 12:02:42,7182.37,142.83
2019-12-14 12:03:46,7181.67,142.81
2019-12-14 12:04:48,7181.29,142.72
2019-12-14 12:05:51,7182.33,142.7
2019-12-14 12:06:53,7180.24,142.67
2019-12-14 12:07:57,7180.14,142.66
2019-12-14 12:09:00,7179.06,142.66
2019-12-14 12:10:03,7178.99,142.67
2019-12-14 12:11:05,7179.85,142.64
2019-12-14 12:12:09,7179.08,142.63
2019-12-14 12:13:12,7180.49,142.62
2019-12-14 12:14:15,7178.63,142.62
2019-12-14 12:15:18,7175.85,142.61
2019-12-14 12:16:20,7172.28,142.61
2019-12-14 12:17:23,7172.23,142.59
2019-12-14 12:18:26,7166.7,142.55
2019-12-14 12:19:29,7170.49,142.52
2019-12-14 12:20:32,7173.57,142.52
2019-12-14 12:21:35,7174.25,142.56
2019-12-14 12:22:38,7174.47,142.56
2019-12-14 12:23:41,7173.27,142.56
2019-12-14 12:24:44,7172.91,142.55
2019-12-14 12:25:47,7173.51,142.58
2019-12-14 12:26:50,7172.37,142.58
2019-12-14 12:27:54,7172.61,142.6
2019-12-14 12:28:56,7171.8,142.62
2019-12-14 12:29:59,7157.92,142.3
2019-12-14 12:31:02,7161.07,142.38
2019-12-14 12:32:05,7166.27,142.49
2019-12-14 12:33:08,7165.89,142.59
2019-12-14 12:34:11,7166.87,142.58
2019-12-14 12:35:15,7165.51,142.59
2019-12-14 12:36:17,7168.7,142.59
2019-12-14 12:37:20,7171.19,142.59
2019-12-14 12:38:23,7171.2,142.64
2019-12-14 12:39:26,7169.35,142.68
2019-12-14 12:40:29,7170.16,142.69
2019-12-14 12:41:32,7170.41,142.7
2019-12-14 12:42:35,7168.68,142.66
2019-12-14 12:43:37,7168.45,142.72
2019-12-14 12:44:41,7170.41,142.77
2019-12-14 12:45:44,7172.3,142.83
2019-12-14 12:46:47,7173.01,142.99
2019-12-14 12:47:49,7177.75,143.05
2019-12-14 12:48:52,7182.95,143.12
2019-12-14 12:49:55,7184.28,143.13
2019-12-14 12:50:58,7184.71,143.11
2019-12-14 12:52:01,7184.03,143.14
2019-12-14 12:53:05,7189.45,143.15
2019-12-14 12:54:08,7189.48,143.16
2019-12-14 12:55:11,7181.62,143.07
2019-12-14 12:56:14,7181.25,143.02
2019-12-14 12:57:16,7182.4,143.01
2019-12-14 12:58:20,7183.72,143.12
2019-12-14 12:59:23,7182.94,143.08
2019-12-14 13:00:26,7184.48,143.12
2019-12-14 13:01:29,7184.03,143.0
2019-12-14 13:02:32,7183.9,143.02
2019-12-14 13:03:35,7182.91,143.02
2019-12-14 13:04:38,7185.22,143.02
2019-12-14 13:05:41,7185.08,143.03
2019-12-14 13:06:44,7183.25,143.05
2019-12-14 13:07:47,7184.11,143.06
2019-12-14 13:08:50,7182.91,142.98
2019-12-14 13:09:53,7181.42,142.92
2019-12-14 13:10:56,7177.36,142.87
2019-12-14 13:11:59,7175.47,142.82
2019-12-14 13:13:02,7174.75,142.82
2019-12-14 13:14:04,7174.47,142.83
2019-12-14 13:15:08,7174.17,142.79
2019-12-14 13:16:11,7176.51,142.81
2019-12-14 13:17:14,7176.63,142.81
2019-12-14 13:18:17,7178.8,142.8
2019-12-14 13:19:20,7177.95,142.84
2019-12-14 13:20:23,7180.23,142.89
2019-12-14 13:21:26,7180.83,142.86
2019-12-14 13:22:29,7179.27,142.87
2019-12-14 13:23:32,7183.05,142.86
2019-12-14 13:24:35,7181.88,142.89
2019-12-14 13:25:37,7182.98,142.92
2019-12-14 13:26:41,7181.64,142.92
2019-12-14 13:27:44,7180.64,142.9
2019-12-14 13:28:47,7182.17,142.9
2019-12-14 13:29:50,7180.59,142.87
2019-12-14 13:30:53,7179.5,142.88
2019-12-14 13:31:56,7180.89,142.87
2019-12-14 13:32:59,7178.87,142.84
2019-12-14 13:34:02,7179.91,142.84
2019-12-14 13:35:05,7178.08,142.84
2019-12-14 13:36:08,7176.83,142.82
2019-12-14 13:37:11,7177.35,142.82
2019-12-14 13:38:14,7174.63,142.79
2019-12-14 13:39:17,7173.07,142.79
2019-12-14 13:40:20,7170.01,142.79
2019-12-14 13:41:23,7170.4,142.79
2019-12-14 13:42:26,7168.81,142.69
2019-12-14 13:43:29,7166.49,142.68
2019-12-14 13:44:33,7168.84,142.69
2019-12-14 13:45:35,7169.23,142.7
2019-12-14 13:46:38,7168.63,142.63
2019-12-14 13:47:42,7168.22,142.63
2019-12-14 13:48:45,7167.77,142.66
2019-12-14 13:49:48,7169.11,142.66
2019-12-14 13:50:51,7168.53,142.67
2019-12-14 13:51:54,7167.9,142.67
2019-12-14 13:52:57,7168.27,142.67
2019-12-14 13:54:00,7167.32,142.65
2019-12-14 13:55:03,7165.58,142.64
2019-12-14 13:56:06,7158.97,142.62
2019-12-14 13:57:09,7158.67,142.48
2019-12-14 13:58:13,7151.11,142.39
2019-12-14 13:59:16,7151.79,142.4
2019-12-14 14:00:19,7157.04,142.39
2019-12-14 14:01:22,7151.43,142.39
2019-12-14 14:02:24,7150.55,142.36
2019-12-14 14:03:27,7148.34,142.36
2019-12-14 14:04:31,7142.64,142.26
2019-12-14 14:05:34,7144.42,142.29
2019-12-14 14:06:37,7144.51,142.27
2019-12-14 14:07:39,7143.93,142.27
2019-12-14 14:08:43,7144.45,142.3
2019-12-14 14:09:46,7145.35,142.34
2019-12-14 14:10:48,7147.56,142.34
2019-12-14 14:11:51,7147.69,142.39
2019-12-14 14:12:55,7146.68,142.39
2019-12-14 14:13:58,7144.5,142.38
2019-12-14 14:15:00,7143.24,142.39
2019-12-14 14:16:04,7145.11,142.38
2019-12-14 14:17:07,7146.52,142.4
2019-12-14 14:18:10,7146.59,142.39
2019-12-14 14:19:13,7149.61,142.34
2019-12-14 14:20:17,7151.65,142.35
2019-12-14 14:21:19,7153.08,142.39
2019-12-14 14:22:22,7155.83,142.42
2019-12-14 14:23:25,7157.48,142.45
2019-12-14 14:24:28,7158.93,142.54
2019-12-14 14:25:31,7157.71,142.62
2019-12-14 14:26:34,7158.71,142.66
2019-12-14 14:27:37,7154.31,142.66
2019-12-14 14:28:40,7151.33,142.63
2019-12-14 14:29:43,7149.23,142.63
2019-12-14 14:30:46,7149.4,142.62
2019-12-14 14:31:50,7151.26,142.63
2019-12-14 14:32:53,7154.85,142.63
2019-12-14 14:33:55,7155.24,142.64
2019-12-14 14:34:58,7155.84,142.64
2019-12-14 14:36:01,7158.1,142.64
2019-12-14 14:37:04,7157.2,142.66
2019-12-14 14:38:08,7157.48,142.66
2019-12-14 14:39:11,7157.33,142.73
2019-12-14 14:40:13,7157.31,142.74
2019-12-14 14:41:17,7158.92,142.74
2019-12-14 14:42:19,7159.8,142.73
2019-12-14 14:43:23,7159.59,142.73
2019-12-14 14:44:26,7157.38,142.7
2019-12-14 14:45:29,7158.65,142.67
2019-12-14 14:46:32,7158.02,142.74
2019-12-14 14:47:35,7157.53,142.73
2019-12-14 14:48:38,7157.44,142.74
2019-12-14 14:49:41,7155.7,142.74
2019-12-14 14:50:44,7153.11,142.66
2019-12-14 14:51:47,7148.49,142.56
2019-12-14 14:52:51,7149.64,142.55
2019-12-14 14:53:53,7147.96,142.57
2019-12-14 14:54:57,7145.57,142.53
2019-12-14 14:56:00,7145.33,142.51
2019-12-14 14:57:03,7146.0,142.51
2019-12-14 14:58:05,7143.64,142.48
2019-12-14 14:59:08,7142.23,142.48
2019-12-14 15:00:12,7141.92,142.47
2019-12-14 15:01:15,7123.94,142.32
2019-12-14 15:02:18,7130.93,142.31
2019-12-14 15:03:21,7130.48,142.36
2019-12-14 15:04:24,7128.31,142.34
2019-12-14 15:05:27,7127.86,142.23
2019-12-14 15:06:30,7130.04,142.24
2019-12-14 15:07:34,7125.97,142.24
2019-12-14 15:08:36,7123.09,142.27
2019-12-14 15:09:40,7125.5,142.31
2019-12-14 15:10:43,7128.78,142.26
2019-12-14 15:11:45,7128.37,142.29
2019-12-14 15:12:48,7129.14,142.31
2019-12-14 15:13:51,7130.51,142.31
2019-12-14 15:14:54,7129.17,142.47
2019-12-14 15:15:58,7131.31,142.43
2019-12-14 15:17:01,7130.85,142.44
2019-12-14 15:18:04,7132.67,142.5
2019-12-14 15:19:07,7135.72,142.49
2019-12-14 15:20:10,7133.65,142.47
2019-12-14 15:21:13,7134.79,142.51
2019-12-14 15:22:16,7139.04,142.52
2019-12-14 15:23:19,7138.91,142.58
2019-12-14 15:24:23,7138.13,142.63
2019-12-14 15:25:25,7139.81,142.69
2019-12-14 15:26:29,7139.82,142.69
2019-12-14 15:27:32,7138.02,142.68
2019-12-14 15:28:35,7131.94,142.6
2019-12-14 15:29:38,7133.01,142.55
2019-12-14 15:30:41,7134.5,142.58
2019-12-14 15:31:44,7133.25,142.58
2019-12-14 15:32:47,7131.11,142.54
2019-12-14 15:33:50,7133.75,142.51
2019-12-14 15:34:53,7132.88,142.53
2019-12-14 15:35:57,7139.55,142.56
2019-12-14 15:36:59,7143.9,142.56
2019-12-14 15:38:03,7143.56,142.57
2019-12-14 15:39:06,7142.07,142.58
2019-12-14 15:40:09,7143.05,142.58
2019-12-14 15:41:12,7148.19,142.69
2019-12-14 15:42:15,7148.41,142.66
2019-12-14 15:43:17,7146.18,142.64
2019-12-14 15:44:21,7146.1,142.64
2019-12-14 15:45:24,7142.33,142.64
2019-12-14 15:46:27,7143.92,142.63
2019-12-14 15:47:31,7143.45,142.63
2019-12-14 15:48:34,7140.98,142.61
2019-12-14 15:49:37,7139.51,142.64
2019-12-14 15:50:40,7141.69,142.63
2019-12-14 15:51:43,7140.66,142.64
2019-12-14 15:52:46,7142.01,142.65
2019-12-14 15:53:49,7142.59,142.62
2019-12-14 15:54:52,7143.02,142.62
2019-12-14 15:55:55,7142.22,142.62
2019-12-14 15:56:59,7143.91,142.62
2019-12-14 15:58:01,7149.2,142.66
2019-12-14 15:59:05,7153.29,142.72
2019-12-14 16:00:08,7150.99,142.72
2019-12-14 16:01:11,7152.1,142.74
2019-12-14 16:02:14,7150.73,142.79
2019-12-14 16:03:17,7151.28,142.73
2019-12-14 16:04:20,7148.22,142.74
2019-12-14 16:05:23,7149.46,142.73
2019-12-14 16:06:26,7148.49,142.73
2019-12-14 16:07:30,7147.84,142.73
2019-12-14 16:08:33,7145.08,142.69
2019-12-14 16:09:36,7142.02,142.68
2019-12-14 16:10:39,7136.87,142.62
2019-12-14 16:11:42,7132.81,142.55
2019-12-14 16:12:46,7135.11,142.56
2019-12-14 16:13:49,7130.07,142.55
2019-12-14 16:14:52,7126.55,142.4
2019-12-14 16:15:54,7128.19,142.39
2019-12-14 16:16:58,7128.11,142.41
2019-12-14 16:18:01,7125.96,142.41
2019-12-14 16:19:05,7123.19,142.24
2019-12-14 16:20:07,7124.35,142.23
2019-12-14 16:21:10,7129.69,142.23
2019-12-14 16:22:13,7132.73,142.4
2019-12-14 16:23:16,7128.98,142.4
2019-12-14 16:24:20,7116.7,142.34
2019-12-14 16:25:23,7117.27,142.31
2019-12-14 16:26:26,7110.73,142.3
2019-12-14 16:27:29,7101.77,142.28
2019-12-14 16:28:33,7104.33,142.12
2019-12-14 16:29:35,7115.1,142.16
2019-12-14 16:30:39,7120.52,142.17
2019-12-14 16:31:42,7121.39,142.27
2019-12-14 16:32:45,7120.21,142.27
2019-12-14 16:33:48,7120.07,142.3
2019-12-14 16:34:51,7121.27,142.32
2019-12-14 16:35:54,7114.67,142.16
2019-12-14 16:36:58,7112.93,142.12
2019-12-14 16:38:01,7115.0,142.13
2019-12-14 16:39:04,7109.89,142.13
2019-12-14 16:40:06,7100.34,142.05
2019-12-14 16:41:10,7105.34,142.04
2019-12-14 16:42:14,7105.03,141.99
2019-12-14 16:43:17,7087.08,141.88
2019-12-14 16:44:20,7093.35,141.98
2019-12-14 16:45:23,7091.64,142.02
2019-12-14 16:46:26,7096.56,141.96
2019-12-14 16:47:29,7101.27,142.02
2019-12-14 16:48:32,7108.29,142.16
2019-12-14 16:49:36,7106.66,142.3
2019-12-14 16:50:39,7097.84,142.27
2019-12-14 16:51:41,7092.5,142.04
2019-12-14 16:52:45,7073.42,141.87
2019-12-14 16:53:48,7068.6,141.58
2019-12-14 16:54:51,7046.37,141.61
2019-12-14 16:55:55,7057.92,141.73
2019-12-14 16:56:58,7063.01,141.61
2019-12-14 16:58:01,7049.99,141.57
2019-12-14 16:59:04,7065.92,141.76
2019-12-14 17:00:08,7053.47,141.58
2019-12-14 17:01:11,7040.88,141.51
2019-12-14 17:02:14,7029.88,141.38
2019-12-14 17:03:17,7035.87,141.42
2019-12-14 17:04:20,7012.79,141.25
2019-12-14 17:05:24,7023.59,141.28
2019-12-14 17:06:27,7014.14,141.17
2019-12-14 17:07:30,7013.74,141.18
2019-12-14 17:08:33,7021.3,141.34
2019-12-14 17:09:37,7018.45,141.31
2019-12-14 17:10:39,7025.4,141.34
2019-12-14 17:11:43,7036.39,141.56
2019-12-14 17:12:46,7042.27,141.64
2019-12-14 17:13:49,7033.34,141.47
2019-12-14 17:14:52,7041.51,141.6
2019-12-14 17:15:56,7036.67,141.49
2019-12-14 17:16:59,7033.36,141.52
2019-12-14 17:18:02,7039.49,141.61
2019-12-14 17:19:05,7034.59,141.48
2019-12-14 17:20:09,7041.53,141.61
2019-12-14 17:21:11,7040.36,141.58
2019-12-14 17:22:15,7046.52,141.61
2019-12-14 17:23:17,7048.95,141.68
2019-12-14 17:24:21,7045.9,141.66
2019-12-14 17:25:24,7049.4,141.69
2019-12-14 17:26:27,7057.63,141.7
2019-12-14 17:27:30,7055.99,141.67
2019-12-14 17:28:33,7053.45,141.72
2019-12-14 17:29:37,7048.33,141.72
2019-12-14 17:30:40,7043.68,141.55
2019-12-14 17:31:43,7041.05,141.54
2019-12-14 17:32:46,7041.02,141.46
2019-12-14 17:33:50,7039.17,141.39
2019-12-14 17:34:52,7037.52,141.44
2019-12-14 17:35:56,7040.68,141.55
2019-12-14 17:36:58,7040.43,141.56
2019-12-14 17:38:01,7042.95,141.54
2019-12-14 17:39:05,7042.88,141.59
2019-12-14 17:40:08,7044.19,141.58
2019-12-14 17:41:11,7046.46,141.57
2019-12-14 17:42:15,7043.28,141.54
2019-12-14 17:43:19,7038.63,141.56
2019-12-14 17:44:21,7042.84,141.57
2019-12-14 17:45:25,7042.29,141.6
2019-12-14 17:46:28,7041.29,141.57
2019-12-14 17:47:31,7047.03,141.59
2019-12-14 17:48:34,7048.25,141.59
2019-12-14 17:49:37,7051.33,141.82
2019-12-14 17:50:40,7053.18,141.81
2019-12-14 17:51:44,7055.09,141.81
2019-12-14 17:52:46,7061.37,141.92
2019-12-14 17:53:50,7061.07,141.82
2019-12-14 17:54:53,7063.46,141.99
2019-12-14 17:55:56,7065.3,142.08
2019-12-14 17:56:59,7060.95,142.05
2019-12-14 17:58:03,7060.56,142.03
2019-12-14 17:59:06,7067.51,142.07
2019-12-14 18:00:09,7060.22,142.03
2019-12-14 18:01:13,7056.44,141.93
2019-12-14 18:02:16,7054.35,141.75
2019-12-14 18:03:19,7058.08,141.91
2019-12-14 18:04:22,7064.31,141.95
2019-12-14 18:05:25,7065.08,142.03
2019-12-14 18:06:28,7062.4,141.9
2019-12-14 18:07:31,7059.36,141.84
2019-12-14 18:08:35,7060.12,141.81
2019-12-14 18:09:38,7058.78,141.74
2019-12-14 18:10:41,7060.44,141.79
2019-12-14 18:11:45,7062.86,141.79
2019-12-14 18:12:48,7065.48,141.78
2019-12-14 18:13:51,7064.94,141.79
2019-12-14 18:14:54,7066.63,141.79
2019-12-14 18:15:58,7066.1,141.78
2019-12-14 18:17:01,7068.12,141.79
2019-12-14 18:18:04,7070.16,141.79
2019-12-14 18:19:08,7069.86,141.79
2019-12-14 18:20:10,7071.15,141.79
2019-12-14 18:21:13,7071.6,141.81
2019-12-14 18:22:17,7068.09,141.76
2019-12-14 18:23:20,7067.36,141.74
2019-12-14 18:24:23,7069.48,141.72
2019-12-14 18:25:27,7068.84,141.72
2019-12-14 18:26:30,7070.92,141.73
2019-12-14 18:27:34,7072.13,141.72
2019-12-14 18:28:36,7070.83,141.71
2019-12-14 18:29:40,7069.67,141.73
2019-12-14 18:30:43,7069.34,141.73
2019-12-14 18:31:46,7067.53,141.75
2019-12-14 18:32:50,7066.94,141.77
2019-12-14 18:33:52,7065.66,141.77
2019-12-14 18:34:56,7062.87,141.76
2019-12-14 18:35:59,7061.43,141.77
2019-12-14 18:37:03,7061.4,141.76
2019-12-14 18:38:06,7061.55,141.76
2019-12-14 18:39:09,7063.64,141.75
2019-12-14 18:40:13,7064.5,141.76
2019-12-14 18:41:16,7066.09,141.76
2019-12-14 18:42:19,7066.76,141.76
2019-12-14 18:43:22,7066.95,141.76
2019-12-14 18:44:26,7069.4,141.76
2019-12-14 18:45:29,7068.64,141.78
2019-12-14 18:46:32,7069.87,141.8
2019-12-14 18:47:35,7068.74,141.8
2019-12-14 18:48:38,7065.13,141.81
2019-12-14 18:49:42,7066.19,141.86
2019-12-14 18:50:45,7061.24,141.85
2019-12-14 18:51:48,7061.01,141.88
2019-12-14 18:52:52,7061.03,141.88
2019-12-14 18:53:54,7061.16,141.89
2019-12-14 18:54:58,7059.87,141.89
2019-12-14 18:56:01,7062.45,141.89
2019-12-14 18:57:04,7062.72,141.9
2019-12-14 18:58:08,7061.99,141.9
2019-12-14 18:59:11,7061.11,141.94
2019-12-14 19:00:14,7062.77,141.93
2019-12-14 19:01:17,7062.11,141.97
2019-12-14 19:02:21,7062.93,141.98
2019-12-14 19:03:24,7062.69,141.98
2019-12-14 19:04:27,7063.7,141.98
2019-12-14 19:05:31,7064.91,142.01
2019-12-14 19:06:34,7066.0,142.02
2019-12-14 19:07:37,7065.84,142.02
2019-12-14 19:08:40,7066.62,142.02
2019-12-14 19:09:43,7065.47,141.96
2019-12-14 19:10:47,7066.31,141.97
2019-12-14 19:11:50,7066.32,141.97
2019-12-14 19:12:53,7064.87,141.95
2019-12-14 19:13:57,7065.24,141.92
2019-12-14 19:15:00,7065.5,141.97
2019-12-14 19:16:03,7065.88,141.93
2019-12-14 19:17:07,7066.34,141.93
2019-12-14 19:18:09,7067.24,142.0
2019-12-14 19:19:13,7068.78,142.0
2019-12-14 19:20:16,7070.26,142.0
2019-12-14 19:21:20,7070.09,142.0
2019-12-14 19:22:23,7073.29,142.0
2019-12-14 19:23:27,7073.1,141.99
2019-12-14 19:24:30,7074.94,142.03
2019-12-14 19:25:33,7074.2,142.0
2019-12-14 19:26:36,7076.43,142.02
2019-12-14 19:27:40,7075.48,142.03
2019-12-14 19:28:43,7075.76,141.93
2019-12-14 19:29:46,7074.66,142.09
2019-12-14 19:30:50,7076.96,142.09
2019-12-14 19:31:53,7081.04,142.17
2019-12-14 19:32:57,7083.14,142.2
2019-12-14 19:34:00,7085.54,142.25
2019-12-14 19:35:03,7087.03,142.24
2019-12-14 19:36:07,7081.95,142.17
2019-12-14 19:37:10,7084.36,142.12
2019-12-14 19:38:14,7088.05,142.18
2019-12-14 19:39:17,7087.84,142.25
2019-12-14 19:40:21,7088.41,142.25
2019-12-14 19:41:24,7091.41,142.2
2019-12-14 19:42:28,7091.65,142.23
2019-12-14 19:43:31,7091.01,142.23
2019-12-14 19:44:34,7091.97,142.27
2019-12-14 19:45:37,7093.77,142.29
2019-12-14 19:46:42,7095.3,142.34
2019-12-14 19:47:45,7092.0,142.34
2019-12-14 19:48:48,7094.49,142.44
2019-12-14 19:49:52,7089.9,142.4
2019-12-14 19:50:55,7085.59,142.38
2019-12-14 19:51:58,7084.35,142.38
2019-12-14 19:53:02,7088.51,142.39
2019-12-14 19:54:05,7081.49,142.26
2019-12-14 19:55:10,7087.25,142.29
2019-12-14 19:56:13,7088.47,142.28
2019-12-14 19:57:16,7088.74,142.28
2019-12-14 19:58:20,7091.58,142.26
2019-12-14 19:59:23,7092.26,142.29
2019-12-14 20:00:27,7093.77,142.27
2019-12-14 20:01:30,7093.71,142.3
2019-12-14 20:02:34,7090.75,142.27
2019-12-14 20:03:38,7086.64,142.21
2019-12-14 20:04:41,7084.19,142.21
2019-12-14 20:05:44,7080.45,142.21
2019-12-14 20:06:48,7080.78,142.17
2019-12-14 20:07:51,7082.13,142.17
2019-12-14 20:08:55,7087.55,142.22
2019-12-14 20:09:58,7089.39,142.23
2019-12-14 20:11:02,7092.01,142.24
2019-12-14 20:12:05,7084.08,142.16
2019-12-14 20:13:09,7083.5,142.05
2019-12-14 20:14:12,7082.5,142.11
2019-12-14 20:15:15,7083.37,142.09
2019-12-14 20:16:19,7086.08,142.17
2019-12-14 20:17:22,7088.56,142.25
2019-12-14 20:18:25,7088.85,142.22
2019-12-14 20:19:28,7088.54,142.27
2019-12-14 20:20:32,7089.16,142.27
2019-12-14 20:21:35,7091.34,142.28
2019-12-14 20:22:38,7093.31,142.3
2019-12-14 20:23:42,7091.94,142.34
2019-12-14 20:24:45,7090.11,142.36
2019-12-14 20:25:49,7091.18,142.31
2019-12-14 20:26:52,7088.97,142.34
2019-12-14 20:27:56,7091.34,142.36
2019-12-14 20:28:59,7092.16,142.36
2019-12-14 20:30:02,7093.16,142.36
2019-12-14 20:31:06,7093.07,142.31
2019-12-14 20:32:09,7093.98,142.31
2019-12-14 20:33:12,7093.24,142.33
2019-12-14 20:34:16,7092.28,142.32
2019-12-14 20:35:19,7089.6,142.32
2019-12-14 20:36:22,7090.69,142.35
2019-12-14 20:37:26,7089.27,142.34
2019-12-14 20:38:30,7086.94,142.34
2019-12-14 20:39:33,7085.83,142.31
2019-12-14 20:40:37,7082.89,142.31
2019-12-14 20:41:39,7085.02,142.27
2019-12-14 20:42:43,7086.13,142.31
2019-12-14 20:43:47,7084.6,142.31
2019-12-14 20:44:50,7085.43,142.28
2019-12-14 20:45:53,7085.71,142.31
2019-12-14 20:46:57,7086.85,142.32
2019-12-14 20:48:00,7086.12,142.3
2019-12-14 20:49:03,7086.61,142.3
2019-12-14 20:50:07,7085.14,142.3
2019-12-14 20:51:11,7086.85,142.42
2019-12-14 20:52:14,7078.88,142.42
2019-12-14 20:53:16,7076.94,142.42
2019-12-14 20:54:20,7072.19,142.32
2019-12-14 20:55:24,7070.72,142.23
2019-12-14 20:56:26,7071.28,142.24
2019-12-14 20:57:30,7069.08,142.22
2019-12-14 20:58:34,7070.49,142.19
2019-12-14 20:59:37,7075.74,142.2
2019-12-14 21:00:41,7071.55,142.18
2019-12-14 21:01:44,7073.24,142.21
2019-12-14 21:02:47,7070.52,142.11
2019-12-14 21:03:51,7067.01,142.0
2019-12-14 21:04:54,7070.13,142.0
2019-12-14 21:05:58,7069.27,142.0
2019-12-14 21:07:01,7068.79,141.98
2019-12-14 21:08:04,7067.48,141.98
2019-12-14 21:09:08,7069.09,141.99
2019-12-14 21:10:11,7068.33,141.98
2019-12-14 21:11:14,7069.19,142.05
2019-12-14 21:12:18,7068.5,142.0
2019-12-14 21:13:21,7069.5,142.0
2019-12-14 21:14:24,7072.79,142.02
2019-12-14 21:15:28,7073.99,142.02
2019-12-14 21:16:31,7075.49,142.03
2019-12-14 21:17:35,7077.14,142.03
2019-12-14 21:18:39,7077.11,142.04
2019-12-14 21:19:42,7076.47,142.02
2019-12-14 21:20:46,7075.2,142.01
2019-12-14 21:21:49,7073.26,141.97
2019-12-14 21:22:52,7071.5,141.98
2019-12-14 21:23:55,7073.25,142.0
2019-12-14 21:24:58,7072.93,142.0
2019-12-14 21:26:02,7068.43,141.94
2019-12-14 21:27:06,7069.63,141.94
2019-12-14 21:28:09,7068.85,141.91
2019-12-14 21:29:13,7068.04,141.9
2019-12-14 21:30:16,7069.78,141.91
2019-12-14 21:31:19,7068.81,141.91
2019-12-14 21:32:23,7068.77,141.9
2019-12-14 21:33:26,7068.83,141.9
2019-12-14 21:34:29,7068.01,141.9
2019-12-14 21:35:33,7065.65,141.84
2019-12-14 21:36:36,7065.5,141.81
2019-12-14 21:37:40,7066.68,141.81
2019-12-14 21:38:43,7066.18,141.81
2019-12-14 21:39:47,7067.1,141.81
2019-12-14 21:40:50,7067.22,141.81
2019-12-14 21:41:54,7067.14,141.82
2019-12-14 21:42:57,7066.59,141.82
2019-12-14 21:44:00,7067.5,141.84
2019-12-14 21:45:04,7068.64,141.87
2019-12-14 21:46:07,7069.49,141.87
2019-12-14 21:47:11,7072.94,141.89
2019-12-14 21:48:14,7074.36,141.91
2019-12-14 21:49:18,7075.44,141.91
2019-12-14 21:50:21,7074.71,141.92
2019-12-14 21:51:25,7075.49,141.93
2019-12-14 21:52:28,7071.92,141.89
2019-12-14 21:53:31,7071.39,141.87
2019-12-14 21:54:35,7074.61,141.81
2019-12-14 21:55:39,7073.99,141.84
2019-12-14 21:56:42,7074.57,141.84
2019-12-14 21:57:45,7073.72,141.82
2019-12-14 21:58:49,7072.88,141.78
2019-12-14 21:59:52,7073.09,141.79
2019-12-14 22:00:55,7072.65,141.78
2019-12-14 22:01:59,7072.44,141.79
2019-12-14 22:03:02,7071.63,141.79
2019-12-14 22:04:06,7070.75,141.77
2019-12-14 22:05:09,7070.92,141.77
2019-12-14 22:06:13,7066.91,141.72
2019-12-14 22:07:16,7067.74,141.72
2019-12-14 22:08:20,7069.29,141.87
2019-12-14 22:09:24,7070.38,141.87
2019-12-14 22:10:28,7070.43,141.93
2019-12-14 22:11:30,7072.28,142.04
2019-12-14 22:12:34,7075.18,142.04
2019-12-14 22:13:37,7077.05,142.06
2019-12-14 22:14:40,7082.37,142.08
2019-12-14 22:15:44,7087.27,142.11
2019-12-14 22:16:47,7087.56,142.11
2019-12-14 22:17:50,7085.71,142.11
2019-12-14 22:18:54,7084.57,142.11
2019-12-14 22:19:58,7085.85,142.12
2019-12-14 22:21:00,7083.64,142.11
2019-12-14 22:22:04,7083.63,142.1
2019-12-14 22:23:08,7085.7,142.1
2019-12-14 22:24:11,7087.65,142.12
2019-12-14 22:25:14,7086.81,142.12
2019-12-14 22:26:18,7080.46,142.12
2019-12-14 22:27:21,7082.04,142.0
2019-12-14 22:28:25,7088.3,142.09
2019-12-14 22:29:28,7089.06,142.09
2019-12-14 22:30:31,7088.47,142.11
2019-12-14 22:31:35,7086.14,142.1
2019-12-14 22:32:38,7086.07,142.09
2019-12-14 22:33:42,7086.01,142.1
2019-12-14 22:34:45,7083.44,142.11
2019-12-14 22:35:48,7084.85,142.12
2019-12-14 22:36:52,7085.79,142.1
2019-12-14 22:37:55,7085.87,142.14
2019-12-14 22:38:59,7087.1,142.17
2019-12-14 22:40:02,7086.58,142.19
2019-12-14 22:41:05,7084.42,142.18
2019-12-14 22:42:09,7081.87,142.12
2019-12-14 22:43:12,7079.89,142.07
2019-12-14 22:44:16,7079.35,142.06
2019-12-14 22:45:19,7078.86,142.06
2019-12-14 22:46:22,7080.82,142.04
2019-12-14 22:47:26,7083.26,142.04
2019-12-14 22:48:30,7084.59,142.12
2019-12-14 22:49:33,7084.71,142.16
2019-12-14 22:50:36,7084.66,142.15
2019-12-14 22:51:40,7085.53,142.15
2019-12-14 22:52:43,7086.35,142.16
2019-12-14 22:53:47,7086.23,142.16
2019-12-14 22:54:50,7086.32,142.12
2019-12-14 22:55:53,7086.29,142.16
2019-12-14 22:56:57,7085.65,142.16
2019-12-14 22:58:00,7085.24,142.13
2019-12-14 22:59:04,7084.14,142.12
2019-12-14 23:00:07,7082.44,142.16
2019-12-14 23:01:11,7080.19,142.14
2019-12-14 23:02:15,7076.88,142.08
2019-12-14 23:03:18,7072.9,142.07
2019-12-14 23:04:22,7071.8,141.95
2019-12-14 23:05:25,7071.98,141.96
2019-12-14 23:06:29,7075.17,142.02
2019-12-14 23:07:32,7072.94,141.99
2019-12-14 23:08:35,7074.23,141.99
2019-12-14 23:09:39,7075.46,141.98
2019-12-14 23:10:42,7076.12,141.92
2019-12-14 23:11:45,7074.67,141.95
2019-12-14 23:12:49,7075.29,141.93
2019-12-14 23:13:52,7074.05,141.93
2019-12-14 23:14:55,7075.13,141.92
2019-12-14 23:15:59,7077.81,141.94
2019-12-14 23:17:03,7079.7,141.98
2019-12-14 23:18:07,7079.54,141.95
2019-12-14 23:19:09,7080.92,142.0
2019-12-14 23:20:13,7080.29,142.0
2019-12-14 23:21:17,7081.5,141.98
2019-12-14 23:22:20,7081.56,141.98
2019-12-14 23:23:24,7083.65,141.99
2019-12-14 23:24:27,7082.74,141.91
2019-12-14 23:25:30,7083.12,141.97
2019-12-14 23:26:34,7083.97,141.97
2019-12-14 23:27:37,7084.9,141.97
2019-12-14 23:28:40,7082.71,141.97
2019-12-14 23:29:46,7084.47,141.99
2019-12-14 23:30:48,7084.57,142.01
2019-12-14 23:31:51,7082.93,141.95
2019-12-14 23:32:54,7082.71,141.99
2019-12-14 23:33:58,7084.8,142.01
2019-12-14 23:35:01,7085.25,141.97
2019-12-14 23:36:05,7083.68,141.99
2019-12-14 23:37:08,7084.9,141.94
2019-12-14 23:38:11,7085.1,141.91
2019-12-14 23:39:16,7085.55,141.92
2019-12-14 23:40:18,7083.47,141.92
2019-12-14 23:41:21,7084.01,141.92
2019-12-14 23:42:25,7086.55,141.91
2019-12-14 23:43:28,7087.15,141.91
2019-12-14 23:44:33,7087.98,141.92
2019-12-14 23:45:35,7087.85,141.93
2019-12-14 23:46:39,7087.97,141.99
2019-12-14 23:47:43,7089.05,142.03
2019-12-14 23:48:46,7088.88,142.03
2019-12-14 23:49:50,7087.53,142.02
2019-12-14 23:50:53,7089.1,142.06
2019-12-14 23:51:57,7089.04,142.05
2019-12-14 23:53:00,7089.87,142.08
2019-12-14 23:54:04,7089.77,142.14
2019-12-14 23:55:07,7090.14,142.14
2019-12-14 23:56:11,7089.96,142.1
2019-12-14 23:57:15,7090.0,142.12
2019-12-14 23:58:17,7090.04,142.11
2019-12-14 23:59:21,7090.02,142.12
